x_m,y_m
11.034,3.420
10.984,3.417
10.934,3.415
10.884,3.412
10.834,3.410
10.784,3.408
10.734,3.406
10.684,3.404
10.634,3.402
10.584,3.400
10.534,3.398
10.485,3.396
10.435,3.395
10.385,3.393
10.335,3.392
10.285,3.391
10.235,3.390
10.185,3.388
10.135,3.387
10.085,3.386
10.035,3.386
9.985,3.385
9.935,3.384
9.885,3.383
9.835,3.383
9.785,3.382
9.735,3.382
9.685,3.382
9.635,3.381
9.585,3.381
9.535,3.381
9.485,3.381
9.435,3.381
9.385,3.381
9.335,3.381
9.285,3.381
9.235,3.382
9.185,3.382
9.135,3.382
9.085,3.383
9.035,3.383
8.985,3.384
8.935,3.384
8.885,3.385
8.835,3.386
8.785,3.386
8.735,3.387
8.685,3.388
8.635,3.389
8.585,3.390
8.535,3.391
8.485,3.392
8.435,3.393
8.385,3.394
8.335,3.395
8.285,3.396
8.235,3.398
8.185,3.399
8.135,3.400
8.085,3.401
8.035,3.403
7.985,3.404
7.935,3.405
7.885,3.407
7.835,3.408
7.785,3.410
7.735,3.411
7.685,3.413
7.635,3.414
7.585,3.416
7.535,3.417
7.485,3.419
7.435,3.421
7.385,3.422
7.335,3.424
7.285,3.425
7.235,3.427
7.185,3.429
7.135,3.430
7.085,3.432
7.035,3.434
6.985,3.435
6.935,3.437
6.885,3.439
6.835,3.440
6.785,3.442
6.736,3.444
6.686,3.445
6.636,3.447
6.586,3.448
6.536,3.450
6.486,3.452
6.436,3.453
6.386,3.455
6.336,3.456
6.286,3.458
6.236,3.459
6.186,3.461
6.136,3.462
6.086,3.464
6.036,3.465
5.986,3.467
5.936,3.468
5.886,3.469
5.836,3.471
5.786,3.472
5.736,3.473
5.686,3.474
5.636,3.476
5.586,3.477
5.536,3.478
5.486,3.479
5.436,3.480
5.386,3.481
5.336,3.482
5.286,3.483
5.236,3.484
5.186,3.485
5.136,3.485
5.086,3.486
5.036,3.487
4.986,3.487
4.936,3.488
4.886,3.488
4.836,3.489
4.786,3.489
4.736,3.490
4.686,3.490
4.636,3.490
4.586,3.490
4.536,3.490
4.486,3.490
4.436,3.490
4.386,3.490
4.336,3.490
4.286,3.490
4.236,3.490
4.186,3.489
4.136,3.489
4.086,3.488
4.036,3.488
3.986,3.487
3.936,3.486
3.886,3.485
3.836,3.484
3.786,3.483
3.736,3.482
3.686,3.481
3.636,3.480
3.586,3.479
3.536,3.477
3.486,3.476
3.436,3.474
3.386,3.472
3.336,3.471
3.286,3.469
3.236,3.467
3.186,3.465
3.137,3.462
3.087,3.460
3.037,3.458
2.987,3.455
2.937,3.453
2.887,3.450
2.837,3.447
2.787,3.445
2.737,3.442
2.687,3.439
2.637,3.435
2.587,3.432
2.537,3.429
2.488,3.425
2.438,3.422
2.388,3.418
2.338,3.414
2.288,3.409
2.238,3.405
2.189,3.400
2.139,3.394
2.089,3.388
2.040,3.381
1.990,3.373
1.941,3.365
1.892,3.355
1.843,3.345
1.795,3.333
1.746,3.320
1.699,3.305
1.651,3.289
1.605,3.271
1.559,3.251
1.514,3.230
1.470,3.206
1.427,3.180
1.386,3.152
1.346,3.121
1.308,3.089
1.272,3.054
1.239,3.017
1.208,2.977
1.179,2.937
1.153,2.894
1.129,2.850
1.107,2.805
1.087,2.759
1.070,2.712
1.055,2.665
1.041,2.617
1.030,2.568
1.020,2.519
1.012,2.469
1.006,2.420
1.002,2.370
0.999,2.320
0.999,2.270
1.000,2.220
1.003,2.170
1.009,2.120
1.016,2.071
1.025,2.022
1.036,1.973
1.049,1.925
1.064,1.877
1.082,1.830
1.101,1.784
1.122,1.739
1.145,1.695
1.170,1.651
1.197,1.609
1.225,1.568
1.255,1.527
1.286,1.488
1.318,1.450
1.352,1.414
1.388,1.378
1.424,1.344
1.462,1.312
1.501,1.280
1.541,1.250
1.582,1.222
1.624,1.195
1.668,1.170
1.712,1.146
1.757,1.125
1.803,1.105
1.849,1.087
1.897,1.070
1.945,1.057
1.993,1.045
2.042,1.035
2.092,1.028
2.142,1.024
2.191,1.022
2.241,1.023
2.291,1.026
2.341,1.033
2.390,1.041
2.439,1.052
2.487,1.066
2.535,1.082
2.581,1.099
2.627,1.119
2.672,1.141
2.716,1.165
2.759,1.190
2.801,1.217
2.843,1.245
2.883,1.275
2.922,1.306
2.960,1.339
2.996,1.373
3.032,1.408
3.067,1.444
3.100,1.481
3.132,1.519
3.163,1.559
3.193,1.599
3.222,1.640
3.249,1.682
3.275,1.725
3.299,1.768
3.322,1.812
3.344,1.858
3.364,1.903
3.383,1.950
3.400,1.997
3.416,2.044
3.430,2.092
3.443,2.140
3.455,2.189
3.465,2.238
3.474,2.287
3.482,2.336
3.489,2.386
3.495,2.435
3.500,2.485
3.504,2.535
3.506,2.585
3.508,2.635
3.510,2.685
3.510,2.735
3.510,2.785
3.509,2.835
3.507,2.885
3.505,2.935
3.502,2.985
3.499,3.035
3.495,3.085
3.491,3.134
3.487,3.184
3.482,3.234
3.477,3.284
3.472,3.333
3.466,3.383
3.460,3.433
3.454,3.482
3.448,3.532
3.442,3.582
3.436,3.631
3.430,3.681
3.423,3.730
3.417,3.780
3.411,3.830
3.404,3.879
3.398,3.929
3.392,3.979
3.387,4.028
3.381,4.078
3.376,4.128
3.371,4.177
3.366,4.227
3.361,4.277
3.357,4.327
3.353,4.377
3.350,4.427
3.347,4.476
3.344,4.526
3.341,4.576
3.338,4.626
3.336,4.676
3.334,4.726
3.333,4.776
3.331,4.826
3.330,4.876
3.329,4.926
3.328,4.976
3.328,5.026
3.328,5.076
3.328,5.126
3.328,5.176
3.328,5.226
3.329,5.276
3.329,5.326
3.330,5.376
3.332,5.426
3.333,5.476
3.334,5.526
3.336,5.576
3.338,5.626
3.340,5.676
3.342,5.726
3.344,5.776
3.347,5.826
3.349,5.876
3.352,5.926
3.355,5.975
3.357,6.025
3.360,6.075
3.363,6.125
3.367,6.175
3.370,6.225
3.373,6.275
3.376,6.325
3.380,6.375
3.383,6.425
3.387,6.474
3.390,6.524
3.394,6.574
3.397,6.624
3.401,6.674
3.405,6.724
3.408,6.774
3.412,6.824
3.415,6.873
3.419,6.923
3.422,6.973
3.426,7.023
3.429,7.073
3.433,7.123
3.436,7.173
3.439,7.223
3.442,7.272
3.446,7.322
3.449,7.372
3.451,7.422
3.454,7.472
3.457,7.522
3.460,7.572
3.462,7.622
3.464,7.672
3.467,7.722
3.469,7.772
3.471,7.822
3.472,7.872
3.474,7.922
3.475,7.972
3.477,8.022
3.478,8.072
3.478,8.122
3.479,8.172
3.480,8.222
3.480,8.272
3.480,8.322
3.480,8.372
3.479,8.422
3.479,8.472
3.478,8.522
3.477,8.572
3.475,8.622
3.474,8.672
3.472,8.722
3.471,8.772
3.469,8.821
3.467,8.871
3.465,8.921
3.462,8.971
3.460,9.021
3.457,9.071
3.455,9.121
3.452,9.171
3.449,9.221
3.447,9.271
3.444,9.321
3.441,9.371
3.438,9.421
3.435,9.471
3.432,9.520
3.429,9.570
3.426,9.620
3.423,9.670
3.420,9.720
3.417,9.770
3.414,9.820
3.412,9.870
3.409,9.920
3.406,9.970
3.403,10.020
3.401,10.070
3.398,10.120
3.396,10.170
3.394,10.219
3.392,10.269
3.390,10.319
3.388,10.369
3.386,10.419
3.385,10.469
3.383,10.519
3.382,10.569
3.381,10.619
3.381,10.669
3.380,10.719
3.380,10.769
3.380,10.819
3.380,10.869
3.380,10.919
3.381,10.969
3.382,11.019
3.383,11.069
3.384,11.119
3.386,11.169
3.388,11.219
3.390,11.269
3.393,11.319
3.396,11.369
3.399,11.419
3.403,11.469
3.407,11.518
3.412,11.568
3.416,11.618
3.422,11.668
3.428,11.717
3.435,11.767
3.442,11.816
3.450,11.866
3.459,11.915
3.469,11.964
3.480,12.013
3.492,12.061
3.505,12.109
3.520,12.157
3.535,12.205
3.552,12.252
3.569,12.299
3.588,12.345
3.608,12.391
3.629,12.436
3.651,12.481
3.675,12.525
3.699,12.569
3.724,12.612
3.751,12.655
3.778,12.696
3.807,12.737
3.836,12.778
3.867,12.817
3.899,12.856
3.932,12.893
3.966,12.930
4.001,12.966
4.037,13.000
4.074,13.034
4.112,13.066
4.152,13.097
4.192,13.127
4.233,13.155
4.275,13.182
4.318,13.207
4.362,13.231
4.407,13.253
4.453,13.273
4.499,13.292
4.546,13.310
4.593,13.326
4.641,13.341
4.689,13.354
4.738,13.367
4.786,13.378
4.835,13.388
4.884,13.397
4.934,13.405
4.983,13.412
5.033,13.418
5.083,13.423
5.132,13.428
5.182,13.432
5.232,13.435
5.282,13.438
5.332,13.441
5.382,13.442
5.432,13.444
5.482,13.445
5.532,13.445
5.582,13.446
5.632,13.446
5.682,13.446
5.732,13.445
5.782,13.445
5.832,13.444
5.882,13.444
5.932,13.443
5.982,13.443
6.032,13.442
6.082,13.442
6.132,13.442
6.182,13.441
6.232,13.441
6.282,13.441
6.332,13.441
6.382,13.441
6.432,13.441
6.482,13.441
6.532,13.441
6.582,13.441
6.632,13.441
6.682,13.441
6.732,13.441
6.782,13.441
6.832,13.441
6.882,13.441
6.932,13.441
6.982,13.442
7.032,13.442
7.082,13.442
7.132,13.442
7.182,13.442
7.232,13.442
7.282,13.442
7.332,13.442
7.382,13.442
7.432,13.442
7.482,13.442
7.532,13.441
7.582,13.441
7.632,13.441
7.682,13.440
7.732,13.440
7.782,13.439
7.832,13.438
7.882,13.438
7.932,13.437
7.982,13.436
8.032,13.435
8.082,13.434
8.132,13.433
8.182,13.431
8.232,13.430
8.282,13.428
8.332,13.426
8.382,13.425
8.432,13.423
8.482,13.421
8.532,13.419
8.582,13.417
8.632,13.415
8.681,13.413
8.731,13.411
8.781,13.409
8.831,13.406
8.881,13.404
8.931,13.402
8.981,13.400
9.031,13.398
9.081,13.396
9.131,13.393
9.181,13.391
9.231,13.389
9.281,13.388
9.331,13.386
9.381,13.384
9.431,13.382
9.481,13.380
9.531,13.379
9.581,13.378
9.631,13.376
9.681,13.375
9.731,13.374
9.781,13.373
9.831,13.372
9.881,13.372
9.931,13.371
9.981,13.371
10.031,13.371
10.081,13.371
10.131,13.371
10.181,13.371
10.231,13.372
10.281,13.373
10.331,13.374
10.381,13.375
10.431,13.377
10.481,13.379
10.531,13.381
10.580,13.383
10.630,13.386
10.680,13.389
10.730,13.392
10.780,13.395
10.830,13.399
10.880,13.403
10.930,13.408
10.979,13.413
11.029,13.418
11.079,13.423
11.128,13.429
11.178,13.436
11.228,13.442
11.277,13.449
11.327,13.457
11.376,13.465
11.425,13.473
11.474,13.482
11.524,13.491
11.573,13.500
11.622,13.510
11.671,13.521
11.719,13.532
11.768,13.543
11.817,13.555
11.865,13.568
11.913,13.581
11.961,13.594
12.009,13.608
12.057,13.623
12.105,13.638
12.152,13.653
12.200,13.669
12.247,13.686
12.294,13.703
12.341,13.720
12.388,13.738
12.434,13.756
12.481,13.774
12.528,13.792
12.574,13.810
12.621,13.828
12.668,13.846
12.714,13.863
12.761,13.880
12.809,13.897
12.856,13.913
12.903,13.929
12.951,13.944
12.999,13.958
13.047,13.971
13.096,13.983
13.145,13.994
13.194,14.004
13.243,14.012
13.293,14.019
13.342,14.024
13.392,14.028
13.442,14.030
13.492,14.030
13.542,14.028
13.592,14.025
13.642,14.020
13.691,14.013
13.740,14.004
13.789,13.993
13.838,13.980
13.885,13.966
13.933,13.950
13.979,13.932
14.025,13.912
14.070,13.890
14.114,13.866
14.157,13.841
14.199,13.813
14.239,13.784
14.278,13.752
14.316,13.719
14.351,13.684
14.385,13.647
14.417,13.609
14.447,13.569
14.475,13.528
14.501,13.485
14.525,13.441
14.546,13.395
14.565,13.349
14.583,13.302
14.598,13.255
14.611,13.207
14.623,13.158
14.632,13.109
14.639,13.059
14.645,13.010
14.648,12.960
14.650,12.910
14.650,12.860
14.647,12.810
14.642,12.760
14.636,12.711
14.627,12.661
14.616,12.613
14.602,12.565
14.587,12.517
14.570,12.470
14.550,12.424
14.529,12.379
14.506,12.335
14.480,12.291
14.453,12.249
14.425,12.208
14.394,12.169
14.362,12.131
14.328,12.094
14.293,12.058
14.256,12.025
14.217,11.993
14.177,11.963
14.136,11.935
14.093,11.909
14.049,11.885
14.004,11.864
13.958,11.845
13.910,11.828
13.862,11.815
13.814,11.804
13.764,11.796
13.715,11.790
13.665,11.787
13.615,11.786
13.565,11.787
13.515,11.790
13.465,11.794
13.415,11.800
13.366,11.807
13.316,11.814
13.267,11.822
13.218,11.831
13.169,11.840
13.120,11.850
13.070,11.860
13.021,11.870
12.972,11.879
12.923,11.889
12.874,11.898
12.825,11.906
12.775,11.914
12.726,11.922
12.677,11.929
12.627,11.936
12.577,11.942
12.528,11.948
12.478,11.953
12.428,11.958
12.379,11.963
12.329,11.967
12.279,11.971
12.229,11.974
12.179,11.978
12.129,11.980
12.079,11.982
12.029,11.984
11.979,11.986
11.929,11.987
11.879,11.988
11.829,11.989
11.779,11.989
11.729,11.989
11.679,11.989
11.629,11.988
11.579,11.987
11.529,11.986
11.479,11.985
11.429,11.984
11.379,11.982
11.329,11.980
11.279,11.978
11.229,11.976
11.180,11.974
11.130,11.971
11.080,11.968
11.030,11.966
10.980,11.963
10.930,11.960
10.880,11.957
10.830,11.954
10.780,11.951
10.730,11.948
10.680,11.945
10.630,11.942
10.581,11.939
10.531,11.936
10.481,11.933
10.431,11.930
10.381,11.927
10.331,11.924
10.281,11.921
10.231,11.918
10.181,11.915
10.131,11.913
10.081,11.910
10.031,11.908
9.981,11.906
9.932,11.904
9.882,11.902
9.832,11.900
9.782,11.899
9.732,11.897
9.682,11.896
9.632,11.895
9.582,11.894
9.532,11.893
9.482,11.893
9.432,11.892
9.382,11.892
9.332,11.893
9.282,11.893
9.232,11.893
9.182,11.894
9.132,11.895
9.082,11.896
9.032,11.897
8.982,11.898
8.932,11.899
8.882,11.901
8.832,11.902
8.782,11.903
8.732,11.905
8.682,11.906
8.632,11.907
8.582,11.908
8.532,11.910
8.482,11.911
8.432,11.912
8.382,11.913
8.332,11.913
8.282,11.914
8.232,11.915
8.182,11.915
8.132,11.915
8.082,11.915
8.032,11.915
7.982,11.914
7.932,11.913
7.882,11.912
7.832,11.911
7.782,11.909
7.732,11.906
7.682,11.904
7.632,11.901
7.582,11.897
7.532,11.893
7.483,11.889
7.433,11.884
7.383,11.878
7.334,11.872
7.284,11.865
7.235,11.858
7.185,11.849
7.136,11.840
7.087,11.830
7.038,11.819
6.990,11.807
6.942,11.794
6.894,11.780
6.846,11.765
6.799,11.749
6.752,11.731
6.706,11.712
6.660,11.691
6.615,11.669
6.571,11.646
6.528,11.621
6.486,11.594
6.445,11.566
6.405,11.535
6.366,11.504
6.329,11.470
6.294,11.435
6.260,11.398
6.228,11.359
6.198,11.319
6.170,11.278
6.144,11.235
6.119,11.192
6.096,11.147
6.075,11.102
6.055,11.056
6.037,11.010
6.020,10.963
6.004,10.915
5.989,10.868
5.976,10.819
5.963,10.771
5.952,10.722
5.942,10.673
5.932,10.624
5.923,10.575
5.916,10.526
5.908,10.476
5.902,10.427
5.896,10.377
5.891,10.327
5.887,10.277
5.883,10.227
5.880,10.178
5.877,10.128
5.874,10.078
5.873,10.028
5.871,9.978
5.870,9.928
5.870,9.878
5.869,9.828
5.870,9.778
5.870,9.728
5.871,9.678
5.872,9.628
5.874,9.578
5.875,9.528
5.878,9.478
5.880,9.428
5.882,9.378
5.885,9.328
5.888,9.278
5.891,9.228
5.894,9.178
5.898,9.129
5.901,9.079
5.905,9.029
5.909,8.979
5.913,8.929
5.916,8.879
5.920,8.829
5.924,8.780
5.928,8.730
5.931,8.680
5.935,8.630
5.939,8.580
5.942,8.530
5.945,8.480
5.948,8.430
5.951,8.380
5.953,8.330
5.955,8.281
5.957,8.231
5.959,8.181
5.960,8.131
5.961,8.081
5.962,8.031
5.962,7.981
5.962,7.931
5.961,7.881
5.961,7.831
5.960,7.781
5.959,7.731
5.958,7.681
5.957,7.631
5.956,7.581
5.955,7.531
5.954,7.481
5.953,7.431
5.952,7.381
5.952,7.331
5.951,7.281
5.951,7.231
5.952,7.181
5.953,7.131
5.954,7.081
5.955,7.031
5.957,6.981
5.960,6.931
5.963,6.881
5.967,6.831
5.972,6.781
5.977,6.732
5.983,6.682
5.990,6.633
5.998,6.583
6.007,6.534
6.017,6.485
6.028,6.436
6.040,6.388
6.053,6.339
6.067,6.291
6.083,6.244
6.099,6.197
6.117,6.150
6.136,6.104
6.156,6.058
6.178,6.013
6.201,5.969
6.225,5.925
6.250,5.882
6.277,5.839
6.305,5.798
6.334,5.757
6.364,5.717
6.395,5.678
6.426,5.639
6.459,5.601
6.493,5.564
6.528,5.528
6.563,5.493
6.599,5.459
6.636,5.425
6.674,5.392
6.713,5.361
6.752,5.330
6.793,5.301
6.834,5.272
6.876,5.245
6.918,5.219
6.962,5.194
7.006,5.170
7.051,5.148
7.096,5.127
7.142,5.108
7.189,5.090
7.236,5.073
7.283,5.057
7.331,5.043
7.380,5.031
7.428,5.019
7.477,5.009
7.527,5.000
7.576,4.993
7.626,4.986
7.675,4.981
7.725,4.976
7.775,4.973
7.825,4.971
7.875,4.970
7.925,4.970
7.975,4.970
8.025,4.972
8.075,4.974
8.125,4.977
8.175,4.980
8.224,4.985
8.274,4.990
8.324,4.995
8.374,5.001
8.423,5.008
8.473,5.015
8.522,5.022
8.571,5.030
8.621,5.038
8.670,5.047
8.719,5.056
8.768,5.065
8.817,5.075
8.866,5.084
8.915,5.094
8.964,5.104
9.013,5.114
9.062,5.125
9.111,5.135
9.160,5.146
9.209,5.156
9.258,5.167
9.307,5.177
9.356,5.188
9.405,5.198
9.453,5.209
9.502,5.219
9.551,5.229
9.600,5.239
9.649,5.249
9.698,5.258
9.748,5.268
9.797,5.277
9.846,5.285
9.895,5.294
9.945,5.302
9.994,5.310
10.043,5.317
10.093,5.324
10.143,5.330
10.192,5.336
10.242,5.342
10.292,5.348
10.341,5.353
10.391,5.357
10.441,5.361
10.491,5.365
10.541,5.369
10.590,5.372
10.640,5.376
10.690,5.378
10.740,5.381
10.790,5.383
10.840,5.385
10.890,5.387
10.940,5.388
10.990,5.390
11.040,5.391
11.090,5.392
11.140,5.393
11.190,5.394
11.240,5.394
11.290,5.394
11.340,5.395
11.390,5.395
11.440,5.395
11.490,5.395
11.540,5.395
11.590,5.395
11.640,5.395
11.690,5.395
11.740,5.395
11.790,5.395
11.840,5.395
11.890,5.395
11.940,5.395
11.990,5.395
12.040,5.395
12.090,5.396
12.140,5.396
12.190,5.397
12.240,5.397
12.290,5.398
12.340,5.399
12.390,5.400
12.440,5.401
12.490,5.402
12.540,5.403
12.590,5.404
12.640,5.406
12.690,5.407
12.740,5.409
12.790,5.410
12.840,5.412
12.890,5.414
12.940,5.415
12.990,5.417
13.040,5.419
13.090,5.421
13.140,5.423
13.190,5.424
13.240,5.426
13.290,5.428
13.340,5.430
13.389,5.432
13.439,5.434
13.489,5.437
13.539,5.439
13.589,5.441
13.639,5.443
13.689,5.445
13.739,5.447
13.789,5.449
13.839,5.451
13.889,5.453
13.939,5.455
13.989,5.457
14.039,5.459
14.089,5.461
14.139,5.463
14.189,5.465
14.239,5.467
14.289,5.469
14.339,5.471
14.389,5.473
14.439,5.474
14.489,5.476
14.539,5.478
14.589,5.479
14.639,5.481
14.688,5.482
14.738,5.484
14.788,5.485
14.838,5.486
14.888,5.488
14.938,5.489
14.988,5.490
15.038,5.491
15.088,5.492
15.138,5.492
15.188,5.493
15.238,5.494
15.288,5.494
15.338,5.494
15.388,5.495
15.438,5.495
15.488,5.495
15.538,5.495
15.588,5.495
15.638,5.494
15.688,5.494
15.738,5.493
15.788,5.493
15.838,5.492
15.888,5.491
15.938,5.489
15.988,5.488
16.038,5.487
16.088,5.485
16.138,5.483
16.188,5.481
16.238,5.479
16.288,5.477
16.338,5.475
16.388,5.472
16.438,5.469
16.488,5.466
16.538,5.463
16.588,5.460
16.637,5.456
16.687,5.452
16.737,5.448
16.787,5.444
16.837,5.440
16.887,5.435
16.936,5.431
16.986,5.426
17.036,5.420
17.086,5.415
17.135,5.409
17.185,5.403
17.234,5.397
17.284,5.391
17.334,5.384
17.383,5.377
17.433,5.370
17.482,5.363
17.531,5.355
17.581,5.347
17.630,5.339
17.679,5.330
17.729,5.322
17.778,5.313
17.827,5.303
17.876,5.294
17.925,5.284
17.974,5.274
18.023,5.264
18.072,5.253
18.121,5.242
18.169,5.231
18.218,5.219
18.267,5.207
18.315,5.195
18.363,5.182
18.412,5.169
18.460,5.156
18.508,5.143
18.556,5.128
18.604,5.114
18.651,5.098
18.699,5.082
18.746,5.065
18.793,5.048
18.839,5.029
18.885,5.009
18.930,4.989
18.975,4.967
19.020,4.943
19.063,4.919
19.106,4.893
19.147,4.865
19.188,4.836
19.227,4.805
19.265,4.773
19.302,4.738
19.337,4.703
19.370,4.665
19.401,4.626
19.430,4.585
19.456,4.543
19.481,4.499
19.503,4.455
19.524,4.409
19.542,4.362
19.558,4.315
19.573,4.267
19.585,4.219
19.596,4.170
19.605,4.121
19.613,4.071
19.618,4.022
19.622,3.972
19.625,3.922
19.625,3.872
19.624,3.822
19.622,3.772
19.618,3.722
19.612,3.673
19.605,3.623
19.596,3.574
19.585,3.525
19.573,3.477
19.560,3.428
19.545,3.381
19.528,3.333
19.511,3.287
19.491,3.241
19.471,3.195
19.449,3.150
19.426,3.106
19.401,3.062
19.375,3.019
19.348,2.977
19.320,2.936
19.290,2.896
19.259,2.857
19.227,2.819
19.193,2.781
19.159,2.746
19.123,2.711
19.085,2.677
19.047,2.646
19.007,2.615
18.966,2.587
18.924,2.560
18.880,2.535
18.836,2.513
18.790,2.493
18.743,2.475
18.696,2.459
18.647,2.447
18.598,2.436
18.549,2.428
18.500,2.422
18.450,2.418
18.400,2.416
18.350,2.416
18.300,2.417
18.250,2.420
18.200,2.425
18.150,2.431
18.101,2.438
18.052,2.447
18.003,2.457
17.954,2.467
17.905,2.478
17.857,2.491
17.808,2.503
17.760,2.517
17.712,2.531
17.664,2.546
17.617,2.561
17.569,2.576
17.522,2.592
17.474,2.608
17.427,2.624
17.380,2.641
17.333,2.658
17.286,2.675
17.239,2.692
17.192,2.709
17.145,2.727
17.099,2.745
17.052,2.763
17.005,2.781
16.959,2.799
16.912,2.817
16.866,2.836
16.819,2.854
16.773,2.873
16.726,2.891
16.680,2.910
16.633,2.929
16.587,2.947
16.541,2.966
16.494,2.984
16.448,3.003
16.401,3.021
16.355,3.039
16.308,3.057
16.261,3.075
16.215,3.093
16.168,3.111
16.121,3.129
16.074,3.146
16.027,3.163
15.980,3.180
15.933,3.197
15.886,3.213
15.839,3.229
15.791,3.245
15.744,3.261
15.696,3.276
15.648,3.291
15.600,3.305
15.552,3.319
15.504,3.333
15.456,3.346
15.408,3.359
15.359,3.371
15.311,3.383
15.262,3.394
15.213,3.405
15.164,3.415
15.115,3.425
15.066,3.435
15.017,3.444
14.968,3.453
14.918,3.461
14.869,3.469
14.820,3.477
14.770,3.484
14.721,3.490
14.671,3.497
14.621,3.503
14.572,3.508
14.522,3.514
14.472,3.519
14.422,3.523
14.373,3.527
14.323,3.531
14.273,3.535
14.223,3.538
14.173,3.541
14.123,3.544
14.073,3.546
14.023,3.549
13.973,3.551
13.923,3.552
13.873,3.553
13.823,3.555
13.773,3.555
13.723,3.556
13.673,3.556
13.623,3.557
13.573,3.557
13.523,3.556
13.473,3.556
13.423,3.555
13.373,3.554
13.323,3.553
13.273,3.552
13.223,3.551
13.173,3.549
13.124,3.548
13.074,3.546
13.024,3.544
12.974,3.542
12.924,3.540
12.874,3.537
12.824,3.535
12.774,3.532
12.724,3.530
12.674,3.527
12.624,3.524
12.574,3.521
12.524,3.518
12.474,3.515
12.424,3.512
12.375,3.509
12.325,3.505
12.275,3.502
12.225,3.499
12.175,3.495
12.125,3.492
12.075,3.488
12.025,3.485
11.976,3.481
11.926,3.478
11.876,3.474
11.826,3.471
11.776,3.467
11.726,3.464
11.676,3.460
11.626,3.457
11.576,3.453
11.527,3.450
11.477,3.447
11.427,3.443
11.377,3.440
11.327,3.437
11.277,3.434
11.227,3.431
11.177,3.428
11.127,3.425
11.077,3.422
